Domain,NS1_Records,NS2_Records,MX1_Records,MX2_Records,DNS_A_Records,RIPE_Organization,RIPE_OrgAbuseEmail,SSL,Status,Hosting_Name,TechName,TechCat,Tech_Desc
ocapoteiro.com,No NS Records,No NS Records,No MX Records,No MX Records,No A Records,No Organization Info,No Org Abuse Email Info,False,Offline,Unknown,,,
24horasonline.net,No NS Records,No NS Records,No MX Records,No MX Records,No A Records,No Organization Info,No Org Abuse Email Info,False,Offline,Unknown,,,
portomarketing.net,No NS Records,No NS Records,No MX Records,No MX Records,No A Records,No Organization Info,No Org Abuse Email Info,False,Offline,Unknown,,,
realizarteproducoes.com.br,No NS Records,No NS Records,No MX Records,No MX Records,No A Records,No Organization Info,No Org Abuse Email Info,False,Offline,Unknown,,,
davidvega.com.br,No NS Records,No NS Records,No MX Records,No MX Records,No A Records,No Organization Info,No Org Abuse Email Info,False,Offline,Unknown,,,
fortvolt.com.br,No NS Records,No NS Records,No MX Records,No MX Records,No A Records,No Organization Info,No Org Abuse Email Info,False,Offline,Unknown,,,
3pontosaneis.com.br,No NS Records,No NS Records,No MX Records,No MX Records,No A Records,No Organization Info,No Org Abuse Email Info,False,Offline,Unknown,,,
fortgesso.com.br,No NS Records,No NS Records,No MX Records,No MX Records,No A Records,No Organization Info,No Org Abuse Email Info,False,Offline,Unknown,,,
pipc.org.br,No NS Records,No NS Records,No MX Records,No MX Records,No A Records,No Organization Info,No Org Abuse Email Info,False,Offline,Unknown,,,
otima.ind.br,No NS Records,No NS Records,No MX Records,No MX Records,No A Records,No Organization Info,No Org Abuse Email Info,False,Offline,Unknown,,,
clubedinheiro.com.br,No NS Records,No NS Records,No MX Records,No MX Records,No A Records,No Organization Info,No Org Abuse Email Info,False,Offline,Unknown,,,
arcontecnica.com,No NS Records,No NS Records,No MX Records,No MX Records,No A Records,No Organization Info,No Org Abuse Email Info,False,Offline,Unknown,,,
imasterfile.com.br,No NS Records,No NS Records,No MX Records,No MX Records,No A Records,No Organization Info,No Org Abuse Email Info,False,Offline,Unknown,,,
adst.com.br,a.auto.dns.br,b.auto.dns.br, (Priority: 0),No MX Records,No A Records,No Organization Info,No Org Abuse Email Info,False,Offline,Unknown,,,
fecofer.com.br,a.auto.dns.br,b.auto.dns.br, (Priority: 0),No MX Records,No A Records,No Organization Info,No Org Abuse Email Info,False,Offline,Unknown,,,
dnls.com.br,No NS Records,No NS Records,No MX Records,No MX Records,No A Records,No Organization Info,No Org Abuse Email Info,False,Offline,Unknown,,,
djch.com.br,No NS Records,No NS Records,No MX Records,No MX Records,No A Records,No Organization Info,No Org Abuse Email Info,False,Offline,Unknown,,,
acupunturadebrasilia.com.br,No NS Records,No NS Records,No MX Records,No MX Records,No A Records,No Organization Info,No Org Abuse Email Info,False,Offline,Unknown,,,
shopgator.com.br,a.auto.dns.br,b.auto.dns.br, (Priority: 0),No MX Records,No A Records,No Organization Info,No Org Abuse Email Info,False,Offline,Unknown,,,
ultracriativo.com.br,a.auto.dns.br,b.auto.dns.br, (Priority: 0),No MX Records,No A Records,No Organization Info,No Org Abuse Email Info,False,Offline,Unknown,,,
rhock.com.br,No NS Records,No NS Records,No MX Records,No MX Records,No A Records,No Organization Info,No Org Abuse Email Info,False,Offline,Unknown,,,
vitium.com.br,No NS Records,No NS Records,No MX Records,No MX Records,No A Records,No Organization Info,No Org Abuse Email Info,False,Offline,Unknown,,,
adilsonrossi.com.br,No NS Records,No NS Records,No MX Records,No MX Records,No A Records,No Organization Info,No Org Abuse Email Info,False,Offline,Unknown,,,
tikas.com.br,ns57.hostgator.com.br,ns56.hostgator.com.br,No MX Records,No MX Records,No A Records,No Organization Info,No Org Abuse Email Info,False,Offline,Hostgator,,,
plataformabim.com.br,ns1.construir.arq.br,ns2.construir.arq.br,No MX Records,No MX Records,No A Records,No Organization Info,No Org Abuse Email Info,False,Offline,Unknown,,,
gustavosefer.com.br,ns937.hostgator.com.br,ns936.hostgator.com.br,No MX Records,No MX Records,No A Records,No Organization Info,No Org Abuse Email Info,False,Offline,Hostgator,,,
criativize.com.br,ns688.hostgator.com.br,ns689.hostgator.com.br,No MX Records,No MX Records,No A Records,No Organization Info,No Org Abuse Email Info,False,Offline,Hostgator,,,
hadil.com.br,ns89.hostgator.com.br,ns88.hostgator.com.br,No MX Records,No MX Records,No A Records,No Organization Info,No Org Abuse Email Info,False,Offline,Hostgator,,,
aether-ro.com.br,No NS Records,No NS Records,No MX Records,No MX Records,No A Records,No Organization Info,No Org Abuse Email Info,False,Offline,Unknown,,,
aether-ro.com.br,No NS Records,No NS Records,No MX Records,No MX Records,No A Records,No Organization Info,No Org Abuse Email Info,False,Offline,Unknown,,,
rodolfolofredo.com.br,No NS Records,No NS Records,No MX Records,No MX Records,No A Records,No Organization Info,No Org Abuse Email Info,False,Offline,Unknown,,,
mol360.com.br,No NS Records,No NS Records,No MX Records,No MX Records,No A Records,No Organization Info,No Org Abuse Email Info,False,Offline,Unknown,,,
rbdesigner.com.br,ns196.hostgator.com.br,ns197.hostgator.com.br,No MX Records,No MX Records,No A Records,No Organization Info,No Org Abuse Email Info,False,Offline,Hostgator,,,
npgranitos.com.br,ns722.hostgator.com.br,ns723.hostgator.com.br,mail.npgranitos.com.br (Priority: 0),No MX Records,108.179.193.143,"American Registry for Internet Numbers (ARIN), WEBSITEWELCOME.COM (BO)","abuse@hostgator.com, hostmaster@arin.net",False,Offline,Hostgator,,,
drmariojunqueira.com.br,anirban.ns.cloudflare.com,tess.ns.cloudflare.com,aspmx3.googlemail.com (Priority: 10),alt1.aspmx.l.google.com (Priority: 5),"172.67.187.239, 104.21.7.168","Various Registries (Maintained by ARIN) (VR-ARIN), Cloudflare, Inc. (CLOUD14)","abuse@cloudflare.com, nobody@example.com",False,Offline,CloudFlare,,,
vhcservicos.com.br,No NS Records,No NS Records,No MX Records,No MX Records,No A Records,No Organization Info,No Org Abuse Email Info,False,Offline,Unknown,,,
artemotion.com.br,ns3.wixdns.net,ns2.wixdns.net,webmail.artemotion.com.br (Priority: 0),No MX Records,"185.230.63.171, 185.230.63.186, 185.230.63.107",No Organization Info,No Org Abuse Email Info,False,Offline,Wix,,,
comvirtual.com.br,No NS Records,No NS Records,No MX Records,No MX Records,No A Records,No Organization Info,No Org Abuse Email Info,False,Offline,Unknown,,,
quirotherapy.com,No NS Records,No NS Records,No MX Records,No MX Records,No A Records,No Organization Info,No Org Abuse Email Info,False,Offline,Unknown,,,
unibarretos.net,jm1.dns.com,jm2.dns.com,No MX Records,No MX Records,154.216.89.144,No Organization Info,No Org Abuse Email Info,False,Offline,Unknown,,,
eatweb.com.br,ns28.prodns.com.br,ns29.prodns.com.br,No MX Records,No MX Records,No A Records,No Organization Info,No Org Abuse Email Info,False,Offline,Unknown,,,
carrielle.com.br,ns2.dns-parking.com,ns1.dns-parking.com,mx1.hostinger.com (Priority: 5),mx2.hostinger.com (Priority: 10),154.56.48.147,"African Network Information Center (AFRINIC), PSINet, Inc. (PSI-2), PSINet, Inc. (PSI-2), Hostinger International Limited (HIL-124), Hostinger International Limited (HIL-124)","abuse@cogentco.com, abuse@cogentco.com, abusepoc@afrinic.net, abuse@hostinger.com, abuse@hostinger.com, abuse@hostinger.com",True,Online,Hostinger,litespeed,web-servers,
carrielle.com.br,ns2.dns-parking.com,ns1.dns-parking.com,mx1.hostinger.com (Priority: 5),mx2.hostinger.com (Priority: 10),154.56.48.147,"African Network Information Center (AFRINIC), PSINet, Inc. (PSI-2), PSINet, Inc. (PSI-2), Hostinger International Limited (HIL-124), Hostinger International Limited (HIL-124)","abuse@cogentco.com, abuse@cogentco.com, abusepoc@afrinic.net, abuse@hostinger.com, abuse@hostinger.com, abuse@hostinger.com",True,Online,Hostinger,hostinger,hosting,
faturarnanet.com.br,arnold.ns.cloudflare.com,jillian.ns.cloudflare.com,mail.faturarnanet.com.br (Priority: 10),No MX Records,108.167.151.36,"American Registry for Internet Numbers (ARIN), WEBSITEWELCOME.COM (BO)","abuse@hostgator.com, hostmaster@arin.net",True,Offline,CloudFlare,,,
armazem3.com.br,ns98.hostgator.com.br,ns99.hostgator.com.br,mail.armazem3.com.br (Priority: 0),No MX Records,18.229.32.250,"American Registry for Internet Numbers (ARIN), Amazon Data Services Brazil (ADSB-3), Amazon Technologies Inc. (AT-88-Z), Amazon Technologies Inc. (AT-88-Z)","abuse@amazonaws.com, abuse@amazonaws.com, abuse@amazonaws.com, hostmaster@arin.net",False,Online,Hostgator,apache-http-server,web-servers,
armazem3.com.br,ns98.hostgator.com.br,ns99.hostgator.com.br,mail.armazem3.com.br (Priority: 0),No MX Records,18.229.32.250,"American Registry for Internet Numbers (ARIN), Amazon Data Services Brazil (ADSB-3), Amazon Technologies Inc. (AT-88-Z), Amazon Technologies Inc. (AT-88-Z)","abuse@amazonaws.com, abuse@amazonaws.com, abuse@amazonaws.com, hostmaster@arin.net",False,Online,Hostgator,hostgator,hosting,
adaptstudio.com.br,ns1.dns-parking.com,ns2.dns-parking.com,mx2.hostinger.com (Priority: 10),mx1.hostinger.com (Priority: 5),89.117.7.225,No Organization Info,No Org Abuse Email Info,False,Online,Hostinger,svelte,javascript-frameworks,
adaptstudio.com.br,ns1.dns-parking.com,ns2.dns-parking.com,mx2.hostinger.com (Priority: 10),mx1.hostinger.com (Priority: 5),89.117.7.225,No Organization Info,No Org Abuse Email Info,False,Online,Hostinger,litespeed,web-servers,
adaptstudio.com.br,ns1.dns-parking.com,ns2.dns-parking.com,mx2.hostinger.com (Priority: 10),mx1.hostinger.com (Priority: 5),89.117.7.225,No Organization Info,No Org Abuse Email Info,False,Online,Hostinger,hostinger,hosting,
ojundiaiense.com.br,dns1.hostgator.com.br,dns2.hostgator.com.br,ojundiaiense.com.br (Priority: 0),No MX Records,162.240.81.18,"Various Registries (Maintained by ARIN) (VR-ARIN), Unified Layer (BLUEH-2)","nobody@example.com, abuse@bluehost.com",False,Online,Hostgator,bootstrap,ui-frameworks,
ojundiaiense.com.br,dns1.hostgator.com.br,dns2.hostgator.com.br,ojundiaiense.com.br (Priority: 0),No MX Records,162.240.81.18,"Various Registries (Maintained by ARIN) (VR-ARIN), Unified Layer (BLUEH-2)","nobody@example.com, abuse@bluehost.com",False,Online,Hostgator,nginx,web-servers,
ojundiaiense.com.br,dns1.hostgator.com.br,dns2.hostgator.com.br,ojundiaiense.com.br (Priority: 0),No MX Records,162.240.81.18,"Various Registries (Maintained by ARIN) (VR-ARIN), Unified Layer (BLUEH-2)","nobody@example.com, abuse@bluehost.com",False,Online,Hostgator,hostgator,hosting,
kingpool.com.br,No NS Records,No NS Records,No MX Records,No MX Records,No A Records,No Organization Info,No Org Abuse Email Info,False,Offline,Unknown,,,
kingpool.com.br,No NS Records,No NS Records,No MX Records,No MX Records,No A Records,No Organization Info,No Org Abuse Email Info,False,Offline,Unknown,,,
emporiotecnologia.com.br,No NS Records,No NS Records,No MX Records,No MX Records,No A Records,No Organization Info,No Org Abuse Email Info,False,Offline,Unknown,,,
spartacusmkt.com.br,ns1.spartacusmkt.com.br,ns2.spartacusmkt.com.br,spartacusmkt.com.br (Priority: 0),No MX Records,192.185.216.144,"Various Registries (Maintained by ARIN) (VR-ARIN), WEBSITEWELCOME.COM (BO)","abuse@hostgator.com, nobody@example.com",False,Offline,Hostgator,,,
destaquedigital.com,ns1.weaponizedcow.com,ns2.weaponizedcow.com,mail.h-email.net (Priority: 1),No MX Records,199.115.115.102,"American Registry for Internet Numbers (ARIN), Leaseweb USA, Inc. (LU)","hostmaster@arin.net, abuse@us.leaseweb.com",True,Online,Leaseweb,magento,ecommerce,
destaquedigital.com,ns1.weaponizedcow.com,ns2.weaponizedcow.com,mail.h-email.net (Priority: 1),No MX Records,199.115.115.102,"American Registry for Internet Numbers (ARIN), Leaseweb USA, Inc. (LU)","hostmaster@arin.net, abuse@us.leaseweb.com",True,Online,Leaseweb,sitecore,cms,
destaquedigital.com,ns1.weaponizedcow.com,ns2.weaponizedcow.com,mail.h-email.net (Priority: 1),No MX Records,199.115.115.102,"American Registry for Internet Numbers (ARIN), Leaseweb USA, Inc. (LU)","hostmaster@arin.net, abuse@us.leaseweb.com",True,Online,Leaseweb,mysql,databases,
destaquedigital.com,ns1.weaponizedcow.com,ns2.weaponizedcow.com,mail.h-email.net (Priority: 1),No MX Records,199.115.115.102,"American Registry for Internet Numbers (ARIN), Leaseweb USA, Inc. (LU)","hostmaster@arin.net, abuse@us.leaseweb.com",True,Online,Leaseweb,php,programming-languages,
destaquedigital.com,ns1.weaponizedcow.com,ns2.weaponizedcow.com,mail.h-email.net (Priority: 1),No MX Records,199.115.115.102,"American Registry for Internet Numbers (ARIN), Leaseweb USA, Inc. (LU)","hostmaster@arin.net, abuse@us.leaseweb.com",True,Online,Leaseweb,microsoft-asp-net,web-frameworks,
destaquedigital.com,ns1.weaponizedcow.com,ns2.weaponizedcow.com,mail.h-email.net (Priority: 1),No MX Records,199.115.115.102,"American Registry for Internet Numbers (ARIN), Leaseweb USA, Inc. (LU)","hostmaster@arin.net, abuse@us.leaseweb.com",True,Online,Leaseweb,nginx,web-servers,
lojasgenesis.com.br,ns342.hostgator.com.br,ns343.hostgator.com.br,mail.lojasgenesis.com.br (Priority: 0),No MX Records,108.167.169.42,"American Registry for Internet Numbers (ARIN), WEBSITEWELCOME.COM (BO)","abuse@hostgator.com, hostmaster@arin.net",True,Online,Hostgator,bootstrap,ui-frameworks,
lojasgenesis.com.br,ns342.hostgator.com.br,ns343.hostgator.com.br,mail.lojasgenesis.com.br (Priority: 0),No MX Records,108.167.169.42,"American Registry for Internet Numbers (ARIN), WEBSITEWELCOME.COM (BO)","abuse@hostgator.com, hostmaster@arin.net",True,Online,Hostgator,apache-http-server,web-servers,
lojasgenesis.com.br,ns342.hostgator.com.br,ns343.hostgator.com.br,mail.lojasgenesis.com.br (Priority: 0),No MX Records,108.167.169.42,"American Registry for Internet Numbers (ARIN), WEBSITEWELCOME.COM (BO)","abuse@hostgator.com, hostmaster@arin.net",True,Online,Hostgator,cloudflare,cdn,
lojasgenesis.com.br,ns342.hostgator.com.br,ns343.hostgator.com.br,mail.lojasgenesis.com.br (Priority: 0),No MX Records,108.167.169.42,"American Registry for Internet Numbers (ARIN), WEBSITEWELCOME.COM (BO)","abuse@hostgator.com, hostmaster@arin.net",True,Online,Hostgator,google-hosted-libraries,cdn,
lojasgenesis.com.br,ns342.hostgator.com.br,ns343.hostgator.com.br,mail.lojasgenesis.com.br (Priority: 0),No MX Records,108.167.169.42,"American Registry for Internet Numbers (ARIN), WEBSITEWELCOME.COM (BO)","abuse@hostgator.com, hostmaster@arin.net",True,Online,Hostgator,cdnjs,cdn,
lojasgenesis.com.br,ns342.hostgator.com.br,ns343.hostgator.com.br,mail.lojasgenesis.com.br (Priority: 0),No MX Records,108.167.169.42,"American Registry for Internet Numbers (ARIN), WEBSITEWELCOME.COM (BO)","abuse@hostgator.com, hostmaster@arin.net",True,Online,Hostgator,hostgator,hosting,
visaoeprecisao.com.br,ns96.hostgator.com.br,ns97.hostgator.com.br,visaoeprecisao.com.br (Priority: 0),No MX Records,192.185.214.144,"Various Registries (Maintained by ARIN) (VR-ARIN), WEBSITEWELCOME.COM (BO)","abuse@hostgator.com, nobody@example.com",True,Online,Hostgator,php,programming-languages,
visaoeprecisao.com.br,ns96.hostgator.com.br,ns97.hostgator.com.br,visaoeprecisao.com.br (Priority: 0),No MX Records,192.185.214.144,"Various Registries (Maintained by ARIN) (VR-ARIN), WEBSITEWELCOME.COM (BO)","abuse@hostgator.com, nobody@example.com",True,Online,Hostgator,youtube,video-players,
visaoeprecisao.com.br,ns96.hostgator.com.br,ns97.hostgator.com.br,visaoeprecisao.com.br (Priority: 0),No MX Records,192.185.214.144,"Various Registries (Maintained by ARIN) (VR-ARIN), WEBSITEWELCOME.COM (BO)","abuse@hostgator.com, nobody@example.com",True,Online,Hostgator,apache-http-server,web-servers,
visaoeprecisao.com.br,ns96.hostgator.com.br,ns97.hostgator.com.br,visaoeprecisao.com.br (Priority: 0),No MX Records,192.185.214.144,"Various Registries (Maintained by ARIN) (VR-ARIN), WEBSITEWELCOME.COM (BO)","abuse@hostgator.com, nobody@example.com",True,Online,Hostgator,jivochat,live-chat,
visaoeprecisao.com.br,ns96.hostgator.com.br,ns97.hostgator.com.br,visaoeprecisao.com.br (Priority: 0),No MX Records,192.185.214.144,"Various Registries (Maintained by ARIN) (VR-ARIN), WEBSITEWELCOME.COM (BO)","abuse@hostgator.com, nobody@example.com",True,Online,Hostgator,facebook-pixel,analytics,
visaoeprecisao.com.br,ns96.hostgator.com.br,ns97.hostgator.com.br,visaoeprecisao.com.br (Priority: 0),No MX Records,192.185.214.144,"Various Registries (Maintained by ARIN) (VR-ARIN), WEBSITEWELCOME.COM (BO)","abuse@hostgator.com, nobody@example.com",True,Online,Hostgator,whatsapp-business-chat,live-chat,
visaoeprecisao.com.br,ns96.hostgator.com.br,ns97.hostgator.com.br,visaoeprecisao.com.br (Priority: 0),No MX Records,192.185.214.144,"Various Registries (Maintained by ARIN) (VR-ARIN), WEBSITEWELCOME.COM (BO)","abuse@hostgator.com, nobody@example.com",True,Online,Hostgator,hostgator,hosting,
prednet.com.br,No NS Records,No NS Records,No MX Records,No MX Records,No A Records,No Organization Info,No Org Abuse Email Info,False,Offline,Unknown,,,
palta.com.br,No NS Records,No NS Records,No MX Records,No MX Records,No A Records,No Organization Info,No Org Abuse Email Info,False,Offline,Unknown,,,
lojaolivre.com.br,ns1018.hostgator.com.br,ns1019.hostgator.com.br,No MX Records,No MX Records,No A Records,No Organization Info,No Org Abuse Email Info,False,Offline,Hostgator,,,
difereodontologia.com.br,ns839.hostgator.com.br,ns838.hostgator.com.br,mail.difereodontologia.com.br (Priority: 0),No MX Records,50.116.87.79,"American Registry for Internet Numbers (ARIN), WEBSITEWELCOME.COM (BO)","abuse@hostgator.com, hostmaster@arin.net",True,Online,Hostgator,bootstrap,ui-frameworks,
difereodontologia.com.br,ns839.hostgator.com.br,ns838.hostgator.com.br,mail.difereodontologia.com.br (Priority: 0),No MX Records,50.116.87.79,"American Registry for Internet Numbers (ARIN), WEBSITEWELCOME.COM (BO)","abuse@hostgator.com, hostmaster@arin.net",True,Online,Hostgator,apache-http-server,web-servers,
difereodontologia.com.br,ns839.hostgator.com.br,ns838.hostgator.com.br,mail.difereodontologia.com.br (Priority: 0),No MX Records,50.116.87.79,"American Registry for Internet Numbers (ARIN), WEBSITEWELCOME.COM (BO)","abuse@hostgator.com, hostmaster@arin.net",True,Online,Hostgator,hostgator,hosting,
viniciussampaio.com.br,No NS Records,No NS Records,No MX Records,No MX Records,No A Records,No Organization Info,No Org Abuse Email Info,False,Offline,Unknown,,,
wvais.com,No NS Records,No NS Records,No MX Records,No MX Records,No A Records,No Organization Info,No Org Abuse Email Info,False,Offline,Unknown,,,
admadureiraitabuna.com.br,ns758.hostgator.com.br,ns759.hostgator.com.br,mail.admadureiraitabuna.com.br (Priority: 0),No MX Records,50.116.86.53,"American Registry for Internet Numbers (ARIN), WEBSITEWELCOME.COM (BO)","abuse@hostgator.com, hostmaster@arin.net",True,Offline,Hostgator,,,
harmoniagrill.com.br,No NS Records,No NS Records,No MX Records,No MX Records,No A Records,No Organization Info,No Org Abuse Email Info,False,Offline,Unknown,,,
patonerd.com.br,No NS Records,No NS Records,No MX Records,No MX Records,No A Records,No Organization Info,No Org Abuse Email Info,False,Offline,Unknown,,,
mariliafredini.com,No NS Records,No NS Records,No MX Records,No MX Records,No A Records,No Organization Info,No Org Abuse Email Info,False,Offline,Unknown,,,
longhiadvocacia.com,No NS Records,No NS Records,No MX Records,No MX Records,No A Records,No Organization Info,No Org Abuse Email Info,False,Offline,Unknown,,,
marcelamachado.com.br,wns32.hostgator.com.br,wns33.hostgator.com.br,mail.marcelamachado.com.br (Priority: 0),No MX Records,"107.154.175.73, 107.154.161.73","American Registry for Internet Numbers (ARIN), Incapsula Inc (INCAP-5)","hostmaster@arin.net, abuse@incapsula.com",True,Online,Hostgator,wordpress,cms,
marcelamachado.com.br,wns32.hostgator.com.br,wns33.hostgator.com.br,mail.marcelamachado.com.br (Priority: 0),No MX Records,"107.154.175.73, 107.154.161.73","American Registry for Internet Numbers (ARIN), Incapsula Inc (INCAP-5)","hostmaster@arin.net, abuse@incapsula.com",True,Online,Hostgator,mysql,databases,
marcelamachado.com.br,wns32.hostgator.com.br,wns33.hostgator.com.br,mail.marcelamachado.com.br (Priority: 0),No MX Records,"107.154.175.73, 107.154.161.73","American Registry for Internet Numbers (ARIN), Incapsula Inc (INCAP-5)","hostmaster@arin.net, abuse@incapsula.com",True,Online,Hostgator,php,programming-languages,
marcelamachado.com.br,wns32.hostgator.com.br,wns33.hostgator.com.br,mail.marcelamachado.com.br (Priority: 0),No MX Records,"107.154.175.73, 107.154.161.73","American Registry for Internet Numbers (ARIN), Incapsula Inc (INCAP-5)","hostmaster@arin.net, abuse@incapsula.com",True,Online,Hostgator,bootstrap,ui-frameworks,
marcelamachado.com.br,wns32.hostgator.com.br,wns33.hostgator.com.br,mail.marcelamachado.com.br (Priority: 0),No MX Records,"107.154.175.73, 107.154.161.73","American Registry for Internet Numbers (ARIN), Incapsula Inc (INCAP-5)","hostmaster@arin.net, abuse@incapsula.com",True,Online,Hostgator,seedprod-coming-soon,wordpress-plugins,
marcelamachado.com.br,wns32.hostgator.com.br,wns33.hostgator.com.br,mail.marcelamachado.com.br (Priority: 0),No MX Records,"107.154.175.73, 107.154.161.73","American Registry for Internet Numbers (ARIN), Incapsula Inc (INCAP-5)","hostmaster@arin.net, abuse@incapsula.com",True,Online,Hostgator,apache-http-server,web-servers,
marcelamachado.com.br,wns32.hostgator.com.br,wns33.hostgator.com.br,mail.marcelamachado.com.br (Priority: 0),No MX Records,"107.154.175.73, 107.154.161.73","American Registry for Internet Numbers (ARIN), Incapsula Inc (INCAP-5)","hostmaster@arin.net, abuse@incapsula.com",True,Online,Hostgator,imperva,security,
marcelamachado.com.br,wns32.hostgator.com.br,wns33.hostgator.com.br,mail.marcelamachado.com.br (Priority: 0),No MX Records,"107.154.175.73, 107.154.161.73","American Registry for Internet Numbers (ARIN), Incapsula Inc (INCAP-5)","hostmaster@arin.net, abuse@incapsula.com",True,Online,Hostgator,hostgator,hosting,
cmacupuntura.com.br,ns54.hostgator.com.br,ns55.hostgator.com.br,cmacupuntura.com.br (Priority: 0),No MX Records,192.185.213.148,"Various Registries (Maintained by ARIN) (VR-ARIN), WEBSITEWELCOME.COM (BO)","abuse@hostgator.com, nobody@example.com",True,Online,Hostgator,magento,ecommerce,
cmacupuntura.com.br,ns54.hostgator.com.br,ns55.hostgator.com.br,cmacupuntura.com.br (Priority: 0),No MX Records,192.185.213.148,"Various Registries (Maintained by ARIN) (VR-ARIN), WEBSITEWELCOME.COM (BO)","abuse@hostgator.com, nobody@example.com",True,Online,Hostgator,sitecore,cms,
cmacupuntura.com.br,ns54.hostgator.com.br,ns55.hostgator.com.br,cmacupuntura.com.br (Priority: 0),No MX Records,192.185.213.148,"Various Registries (Maintained by ARIN) (VR-ARIN), WEBSITEWELCOME.COM (BO)","abuse@hostgator.com, nobody@example.com",True,Online,Hostgator,mysql,databases,
cmacupuntura.com.br,ns54.hostgator.com.br,ns55.hostgator.com.br,cmacupuntura.com.br (Priority: 0),No MX Records,192.185.213.148,"Various Registries (Maintained by ARIN) (VR-ARIN), WEBSITEWELCOME.COM (BO)","abuse@hostgator.com, nobody@example.com",True,Online,Hostgator,php,programming-languages,
cmacupuntura.com.br,ns54.hostgator.com.br,ns55.hostgator.com.br,cmacupuntura.com.br (Priority: 0),No MX Records,192.185.213.148,"Various Registries (Maintained by ARIN) (VR-ARIN), WEBSITEWELCOME.COM (BO)","abuse@hostgator.com, nobody@example.com",True,Online,Hostgator,microsoft-asp-net,web-frameworks,
cmacupuntura.com.br,ns54.hostgator.com.br,ns55.hostgator.com.br,cmacupuntura.com.br (Priority: 0),No MX Records,192.185.213.148,"Various Registries (Maintained by ARIN) (VR-ARIN), WEBSITEWELCOME.COM (BO)","abuse@hostgator.com, nobody@example.com",True,Online,Hostgator,apache-http-server,web-servers,
cmacupuntura.com.br,ns54.hostgator.com.br,ns55.hostgator.com.br,cmacupuntura.com.br (Priority: 0),No MX Records,192.185.213.148,"Various Registries (Maintained by ARIN) (VR-ARIN), WEBSITEWELCOME.COM (BO)","abuse@hostgator.com, nobody@example.com",True,Online,Hostgator,hostgator,hosting,
bemestarhoje.com.br,earl.ns.cloudflare.com,sandra.ns.cloudflare.com,mx2.hostinger.com (Priority: 10),mx1.hostinger.com (Priority: 5),"104.21.95.110, 172.67.144.164","American Registry for Internet Numbers (ARIN), Cloudflare, Inc. (CLOUD14)","abuse@cloudflare.com, hostmaster@arin.net",False,Offline,CloudFlare,,,
sethacomunicacoes.com.br,ns87.prodns.com.br,ns86.prodns.com.br,aspmx2.googlemail.com (Priority: 10),alt2.aspmx.l.google.com (Priority: 5),192.185.216.64,"Various Registries (Maintained by ARIN) (VR-ARIN), WEBSITEWELCOME.COM (BO)","abuse@hostgator.com, nobody@example.com",True,Online,Hostgator,varnish,caching,
sethacomunicacoes.com.br,ns87.prodns.com.br,ns86.prodns.com.br,aspmx2.googlemail.com (Priority: 10),alt2.aspmx.l.google.com (Priority: 5),192.185.216.64,"Various Registries (Maintained by ARIN) (VR-ARIN), WEBSITEWELCOME.COM (BO)","abuse@hostgator.com, nobody@example.com",True,Online,Hostgator,recaptcha,security,
sethacomunicacoes.com.br,ns87.prodns.com.br,ns86.prodns.com.br,aspmx2.googlemail.com (Priority: 10),alt2.aspmx.l.google.com (Priority: 5),192.185.216.64,"Various Registries (Maintained by ARIN) (VR-ARIN), WEBSITEWELCOME.COM (BO)","abuse@hostgator.com, nobody@example.com",True,Online,Hostgator,hsts,security,
sethacomunicacoes.com.br,ns87.prodns.com.br,ns86.prodns.com.br,aspmx2.googlemail.com (Priority: 10),alt2.aspmx.l.google.com (Priority: 5),192.185.216.64,"Various Registries (Maintained by ARIN) (VR-ARIN), WEBSITEWELCOME.COM (BO)","abuse@hostgator.com, nobody@example.com",True,Online,Hostgator,google-workspace,webmail,
rubilimpeza.com.br,ns736.hostgator.com.br,ns737.hostgator.com.br,mail.rubilimpeza.com.br (Priority: 0),No MX Records,108.179.193.184,"American Registry for Internet Numbers (ARIN), WEBSITEWELCOME.COM (BO)","abuse@hostgator.com, hostmaster@arin.net",True,Online,Hostgator,php,programming-languages,
rubilimpeza.com.br,ns736.hostgator.com.br,ns737.hostgator.com.br,mail.rubilimpeza.com.br (Priority: 0),No MX Records,108.179.193.184,"American Registry for Internet Numbers (ARIN), WEBSITEWELCOME.COM (BO)","abuse@hostgator.com, hostmaster@arin.net",True,Online,Hostgator,apache-http-server,web-servers,
rubilimpeza.com.br,ns736.hostgator.com.br,ns737.hostgator.com.br,mail.rubilimpeza.com.br (Priority: 0),No MX Records,108.179.193.184,"American Registry for Internet Numbers (ARIN), WEBSITEWELCOME.COM (BO)","abuse@hostgator.com, hostmaster@arin.net",True,Online,Hostgator,hostgator,hosting,
ospequerruchos.com.br,ns37.hostgator.com.br,ns36.hostgator.com.br,ospequerruchos.com.br (Priority: 0),No MX Records,216.172.160.223,"American Registry for Internet Numbers (ARIN), WEBSITEWELCOME.COM (BO)","abuse@hostgator.com, hostmaster@arin.net",False,Offline,Hostgator,,,
ospequerruchos.com.br,ns37.hostgator.com.br,ns36.hostgator.com.br,ospequerruchos.com.br (Priority: 0),No MX Records,216.172.160.223,"American Registry for Internet Numbers (ARIN), WEBSITEWELCOME.COM (BO)","abuse@hostgator.com, hostmaster@arin.net",False,Offline,Hostgator,,,
ospequerruchos.com.br,ns36.hostgator.com.br,ns37.hostgator.com.br,ospequerruchos.com.br (Priority: 0),No MX Records,216.172.160.223,"American Registry for Internet Numbers (ARIN), WEBSITEWELCOME.COM (BO)","abuse@hostgator.com, hostmaster@arin.net",False,Offline,Hostgator,,,
brigadacapital.com.br,ns15.wixdns.net,ns14.wixdns.net,webmail.brigadacapital.com.br (Priority: 0),No MX Records,"185.230.63.186, 185.230.63.171, 185.230.63.107",No Organization Info,No Org Abuse Email Info,True,Online,Wix,wix,cms,
brigadacapital.com.br,ns15.wixdns.net,ns14.wixdns.net,webmail.brigadacapital.com.br (Priority: 0),No MX Records,"185.230.63.186, 185.230.63.171, 185.230.63.107",No Organization Info,No Org Abuse Email Info,True,Online,Wix,react,javascript-frameworks,
brigadacapital.com.br,ns15.wixdns.net,ns14.wixdns.net,webmail.brigadacapital.com.br (Priority: 0),No MX Records,"185.230.63.186, 185.230.63.171, 185.230.63.107",No Organization Info,No Org Abuse Email Info,True,Online,Wix,google-cloud,iaas,
brigadacapital.com.br,ns15.wixdns.net,ns14.wixdns.net,webmail.brigadacapital.com.br (Priority: 0),No MX Records,"185.230.63.186, 185.230.63.171, 185.230.63.107",No Organization Info,No Org Abuse Email Info,True,Online,Wix,sectigo,ssl-tls-certificate-authorities,
brigadacapital.com.br,ns15.wixdns.net,ns14.wixdns.net,webmail.brigadacapital.com.br (Priority: 0),No MX Records,"185.230.63.186, 185.230.63.171, 185.230.63.107",No Organization Info,No Org Abuse Email Info,True,Online,Wix,hsts,security,
brigadacapital.com.br,ns15.wixdns.net,ns14.wixdns.net,webmail.brigadacapital.com.br (Priority: 0),No MX Records,"185.230.63.186, 185.230.63.171, 185.230.63.107",No Organization Info,No Org Abuse Email Info,True,Online,Wix,google-cloud-cdn,cdn,
criacaoboasideias.com.br,ns895.hostgator.com.br,ns894.hostgator.com.br,SMTP.GOOGLE.COM (Priority: 1),No MX Records,162.241.2.20,"Various Registries (Maintained by ARIN) (VR-ARIN), Unified Layer (BLUEH-2)","nobody@example.com, abuse@bluehost.com",True,Online,Hostgator,apache-http-server,web-servers,
criacaoboasideias.com.br,ns895.hostgator.com.br,ns894.hostgator.com.br,SMTP.GOOGLE.COM (Priority: 1),No MX Records,162.241.2.20,"Various Registries (Maintained by ARIN) (VR-ARIN), Unified Layer (BLUEH-2)","nobody@example.com, abuse@bluehost.com",True,Online,Hostgator,recaptcha,security,
criacaoboasideias.com.br,ns895.hostgator.com.br,ns894.hostgator.com.br,SMTP.GOOGLE.COM (Priority: 1),No MX Records,162.241.2.20,"Various Registries (Maintained by ARIN) (VR-ARIN), Unified Layer (BLUEH-2)","nobody@example.com, abuse@bluehost.com",True,Online,Hostgator,hostgator,hosting,
mercadoss.com.br,ns518.hostgator.com.br,ns519.hostgator.com.br,alt2.aspmx.l.google.com (Priority: 5),alt4.aspmx.l.google.com (Priority: 10),108.179.252.54,"American Registry for Internet Numbers (ARIN), WEBSITEWELCOME.COM (BO)","abuse@hostgator.com, hostmaster@arin.net",True,Online,Hostgator,firebase,databases,
mercadoss.com.br,ns518.hostgator.com.br,ns519.hostgator.com.br,alt2.aspmx.l.google.com (Priority: 5),alt4.aspmx.l.google.com (Priority: 10),108.179.252.54,"American Registry for Internet Numbers (ARIN), WEBSITEWELCOME.COM (BO)","abuse@hostgator.com, hostmaster@arin.net",True,Online,Hostgator,hsts,security,
mercadoss.com.br,ns518.hostgator.com.br,ns519.hostgator.com.br,alt2.aspmx.l.google.com (Priority: 5),alt4.aspmx.l.google.com (Priority: 10),108.179.252.54,"American Registry for Internet Numbers (ARIN), WEBSITEWELCOME.COM (BO)","abuse@hostgator.com, hostmaster@arin.net",True,Online,Hostgator,digicert,ssl-tls-certificate-authorities,
mercadoss.com.br,ns518.hostgator.com.br,ns519.hostgator.com.br,alt2.aspmx.l.google.com (Priority: 5),alt4.aspmx.l.google.com (Priority: 10),108.179.252.54,"American Registry for Internet Numbers (ARIN), WEBSITEWELCOME.COM (BO)","abuse@hostgator.com, hostmaster@arin.net",True,Online,Hostgator,hostgator,hosting,
mercadoss.com.br,ns518.hostgator.com.br,ns519.hostgator.com.br,alt2.aspmx.l.google.com (Priority: 5),alt4.aspmx.l.google.com (Priority: 10),108.179.252.54,"American Registry for Internet Numbers (ARIN), WEBSITEWELCOME.COM (BO)","abuse@hostgator.com, hostmaster@arin.net",True,Online,Hostgator,google-workspace,webmail,
niteroiservicos.com.br,ns757.hostgator.com.br,ns756.hostgator.com.br,mail.niteroiservicos.com.br (Priority: 0),No MX Records,50.116.86.48,"American Registry for Internet Numbers (ARIN), WEBSITEWELCOME.COM (BO)","abuse@hostgator.com, hostmaster@arin.net",False,Offline,Hostgator,,,
universidademultinivel.com.br,grace.ns.cloudflare.com,norman.ns.cloudflare.com,No MX Records,No MX Records,"104.21.53.31, 172.67.208.83","American Registry for Internet Numbers (ARIN), Cloudflare, Inc. (CLOUD14)","abuse@cloudflare.com, hostmaster@arin.net",False,Offline,CloudFlare,,,
dalto.adv.br,ns79.hostgator.com.br,ns78.hostgator.com.br,dalto.adv.br (Priority: 0),No MX Records,192.185.213.56,"Various Registries (Maintained by ARIN) (VR-ARIN), WEBSITEWELCOME.COM (BO)","abuse@hostgator.com, nobody@example.com",True,Online,Hostgator,bootstrap,ui-frameworks,
dalto.adv.br,ns79.hostgator.com.br,ns78.hostgator.com.br,dalto.adv.br (Priority: 0),No MX Records,192.185.213.56,"Various Registries (Maintained by ARIN) (VR-ARIN), WEBSITEWELCOME.COM (BO)","abuse@hostgator.com, nobody@example.com",True,Online,Hostgator,apache-http-server,web-servers,
dalto.adv.br,ns79.hostgator.com.br,ns78.hostgator.com.br,dalto.adv.br (Priority: 0),No MX Records,192.185.213.56,"Various Registries (Maintained by ARIN) (VR-ARIN), WEBSITEWELCOME.COM (BO)","abuse@hostgator.com, nobody@example.com",True,Online,Hostgator,hostgator,hosting,
massarocolchoes.com.br,ns-649.awsdns-17.net,ns-1466.awsdns-55.org,mail.massarocolchoes.com.br (Priority: 10),No MX Records,18.189.132.252,"American Registry for Internet Numbers (ARIN), Amazon Technologies Inc. (AT-88-Z)","abuse@amazonaws.com, hostmaster@arin.net",True,Online,Unknown,wordpress,cms,
massarocolchoes.com.br,ns-649.awsdns-17.net,ns-1466.awsdns-55.org,mail.massarocolchoes.com.br (Priority: 10),No MX Records,18.189.132.252,"American Registry for Internet Numbers (ARIN), Amazon Technologies Inc. (AT-88-Z)","abuse@amazonaws.com, hostmaster@arin.net",True,Online,Unknown,mysql,databases,
massarocolchoes.com.br,ns-649.awsdns-17.net,ns-1466.awsdns-55.org,mail.massarocolchoes.com.br (Priority: 10),No MX Records,18.189.132.252,"American Registry for Internet Numbers (ARIN), Amazon Technologies Inc. (AT-88-Z)","abuse@amazonaws.com, hostmaster@arin.net",True,Online,Unknown,php,programming-languages,
massarocolchoes.com.br,ns-649.awsdns-17.net,ns-1466.awsdns-55.org,mail.massarocolchoes.com.br (Priority: 10),No MX Records,18.189.132.252,"American Registry for Internet Numbers (ARIN), Amazon Technologies Inc. (AT-88-Z)","abuse@amazonaws.com, hostmaster@arin.net",True,Online,Unknown,nginx,web-servers,
massarocolchoes.com.br,ns-649.awsdns-17.net,ns-1466.awsdns-55.org,mail.massarocolchoes.com.br (Priority: 10),No MX Records,18.189.132.252,"American Registry for Internet Numbers (ARIN), Amazon Technologies Inc. (AT-88-Z)","abuse@amazonaws.com, hostmaster@arin.net",True,Online,Unknown,amazon-web-services,paas,
massarocolchoes.com.br,ns-649.awsdns-17.net,ns-1466.awsdns-55.org,mail.massarocolchoes.com.br (Priority: 10),No MX Records,18.189.132.252,"American Registry for Internet Numbers (ARIN), Amazon Technologies Inc. (AT-88-Z)","abuse@amazonaws.com, hostmaster@arin.net",True,Online,Unknown,hsts,security,
massarocolchoes.com.br,ns-1466.awsdns-55.org,ns-1880.awsdns-43.co.uk,mail.massarocolchoes.com.br (Priority: 10),No MX Records,18.189.132.252,"American Registry for Internet Numbers (ARIN), Amazon Technologies Inc. (AT-88-Z)","abuse@amazonaws.com, hostmaster@arin.net",True,Online,Unknown,wordpress,cms,
massarocolchoes.com.br,ns-1466.awsdns-55.org,ns-1880.awsdns-43.co.uk,mail.massarocolchoes.com.br (Priority: 10),No MX Records,18.189.132.252,"American Registry for Internet Numbers (ARIN), Amazon Technologies Inc. (AT-88-Z)","abuse@amazonaws.com, hostmaster@arin.net",True,Online,Unknown,mysql,databases,
massarocolchoes.com.br,ns-1466.awsdns-55.org,ns-1880.awsdns-43.co.uk,mail.massarocolchoes.com.br (Priority: 10),No MX Records,18.189.132.252,"American Registry for Internet Numbers (ARIN), Amazon Technologies Inc. (AT-88-Z)","abuse@amazonaws.com, hostmaster@arin.net",True,Online,Unknown,php,programming-languages,
massarocolchoes.com.br,ns-1466.awsdns-55.org,ns-1880.awsdns-43.co.uk,mail.massarocolchoes.com.br (Priority: 10),No MX Records,18.189.132.252,"American Registry for Internet Numbers (ARIN), Amazon Technologies Inc. (AT-88-Z)","abuse@amazonaws.com, hostmaster@arin.net",True,Online,Unknown,nginx,web-servers,
massarocolchoes.com.br,ns-1466.awsdns-55.org,ns-1880.awsdns-43.co.uk,mail.massarocolchoes.com.br (Priority: 10),No MX Records,18.189.132.252,"American Registry for Internet Numbers (ARIN), Amazon Technologies Inc. (AT-88-Z)","abuse@amazonaws.com, hostmaster@arin.net",True,Online,Unknown,amazon-web-services,paas,
massarocolchoes.com.br,ns-1466.awsdns-55.org,ns-1880.awsdns-43.co.uk,mail.massarocolchoes.com.br (Priority: 10),No MX Records,18.189.132.252,"American Registry for Internet Numbers (ARIN), Amazon Technologies Inc. (AT-88-Z)","abuse@amazonaws.com, hostmaster@arin.net",True,Online,Unknown,hsts,security,
programadorinfo.com.br,ns13.hostgator.com.br,ns12.hostgator.com.br,mail.programadorinfo.com.br (Priority: 0),No MX Records,192.185.211.112,"Various Registries (Maintained by ARIN) (VR-ARIN), WEBSITEWELCOME.COM (BO)","abuse@hostgator.com, nobody@example.com",True,Online,Hostgator,wordpress,cms,
programadorinfo.com.br,ns13.hostgator.com.br,ns12.hostgator.com.br,mail.programadorinfo.com.br (Priority: 0),No MX Records,192.185.211.112,"Various Registries (Maintained by ARIN) (VR-ARIN), WEBSITEWELCOME.COM (BO)","abuse@hostgator.com, nobody@example.com",True,Online,Hostgator,mysql,databases,
programadorinfo.com.br,ns13.hostgator.com.br,ns12.hostgator.com.br,mail.programadorinfo.com.br (Priority: 0),No MX Records,192.185.211.112,"Various Registries (Maintained by ARIN) (VR-ARIN), WEBSITEWELCOME.COM (BO)","abuse@hostgator.com, nobody@example.com",True,Online,Hostgator,php,programming-languages,
programadorinfo.com.br,ns13.hostgator.com.br,ns12.hostgator.com.br,mail.programadorinfo.com.br (Priority: 0),No MX Records,192.185.211.112,"Various Registries (Maintained by ARIN) (VR-ARIN), WEBSITEWELCOME.COM (BO)","abuse@hostgator.com, nobody@example.com",True,Online,Hostgator,apache-http-server,web-servers,
programadorinfo.com.br,ns13.hostgator.com.br,ns12.hostgator.com.br,mail.programadorinfo.com.br (Priority: 0),No MX Records,192.185.211.112,"Various Registries (Maintained by ARIN) (VR-ARIN), WEBSITEWELCOME.COM (BO)","abuse@hostgator.com, nobody@example.com",True,Online,Hostgator,hostgator,hosting,
caminhosdorio.net,henry.ns.cloudflare.com,serena.ns.cloudflare.com,_dc-mx.0545573a7bd7.caminhosdorio.net (Priority: 0),No MX Records,"104.21.71.164, 172.67.171.17","American Registry for Internet Numbers (ARIN), Cloudflare, Inc. (CLOUD14)","abuse@cloudflare.com, hostmaster@arin.net",True,Online,CloudFlare,wordpress,cms,
caminhosdorio.net,henry.ns.cloudflare.com,serena.ns.cloudflare.com,_dc-mx.0545573a7bd7.caminhosdorio.net (Priority: 0),No MX Records,"104.21.71.164, 172.67.171.17","American Registry for Internet Numbers (ARIN), Cloudflare, Inc. (CLOUD14)","abuse@cloudflare.com, hostmaster@arin.net",True,Online,CloudFlare,mysql,databases,
caminhosdorio.net,henry.ns.cloudflare.com,serena.ns.cloudflare.com,_dc-mx.0545573a7bd7.caminhosdorio.net (Priority: 0),No MX Records,"104.21.71.164, 172.67.171.17","American Registry for Internet Numbers (ARIN), Cloudflare, Inc. (CLOUD14)","abuse@cloudflare.com, hostmaster@arin.net",True,Online,CloudFlare,php,programming-languages,
caminhosdorio.net,henry.ns.cloudflare.com,serena.ns.cloudflare.com,_dc-mx.0545573a7bd7.caminhosdorio.net (Priority: 0),No MX Records,"104.21.71.164, 172.67.171.17","American Registry for Internet Numbers (ARIN), Cloudflare, Inc. (CLOUD14)","abuse@cloudflare.com, hostmaster@arin.net",True,Online,CloudFlare,cloudflare,cdn,
clovisrepresentacoes.com.br,ns924.hostgator.com.br,ns925.hostgator.com.br,mail.clovisrepresentacoes.com.br (Priority: 0),No MX Records,162.241.2.121,"Various Registries (Maintained by ARIN) (VR-ARIN), Unified Layer (BLUEH-2)","nobody@example.com, abuse@bluehost.com",True,Online,Hostgator,wordpress,cms,
clovisrepresentacoes.com.br,ns924.hostgator.com.br,ns925.hostgator.com.br,mail.clovisrepresentacoes.com.br (Priority: 0),No MX Records,162.241.2.121,"Various Registries (Maintained by ARIN) (VR-ARIN), Unified Layer (BLUEH-2)","nobody@example.com, abuse@bluehost.com",True,Online,Hostgator,mysql,databases,
clovisrepresentacoes.com.br,ns924.hostgator.com.br,ns925.hostgator.com.br,mail.clovisrepresentacoes.com.br (Priority: 0),No MX Records,162.241.2.121,"Various Registries (Maintained by ARIN) (VR-ARIN), Unified Layer (BLUEH-2)","nobody@example.com, abuse@bluehost.com",True,Online,Hostgator,php,programming-languages,
clovisrepresentacoes.com.br,ns924.hostgator.com.br,ns925.hostgator.com.br,mail.clovisrepresentacoes.com.br (Priority: 0),No MX Records,162.241.2.121,"Various Registries (Maintained by ARIN) (VR-ARIN), Unified Layer (BLUEH-2)","nobody@example.com, abuse@bluehost.com",True,Online,Hostgator,popularfx,wordpress-themes,
clovisrepresentacoes.com.br,ns924.hostgator.com.br,ns925.hostgator.com.br,mail.clovisrepresentacoes.com.br (Priority: 0),No MX Records,162.241.2.121,"Various Registries (Maintained by ARIN) (VR-ARIN), Unified Layer (BLUEH-2)","nobody@example.com, abuse@bluehost.com",True,Online,Hostgator,essential-addons-for-elementor,wordpress-plugins,
clovisrepresentacoes.com.br,ns924.hostgator.com.br,ns925.hostgator.com.br,mail.clovisrepresentacoes.com.br (Priority: 0),No MX Records,162.241.2.121,"Various Registries (Maintained by ARIN) (VR-ARIN), Unified Layer (BLUEH-2)","nobody@example.com, abuse@bluehost.com",True,Online,Hostgator,elementor-header-footer-builder,wordpress-plugins,
clovisrepresentacoes.com.br,ns924.hostgator.com.br,ns925.hostgator.com.br,mail.clovisrepresentacoes.com.br (Priority: 0),No MX Records,162.241.2.121,"Various Registries (Maintained by ARIN) (VR-ARIN), Unified Layer (BLUEH-2)","nobody@example.com, abuse@bluehost.com",True,Online,Hostgator,elementor,page-builders,
clovisrepresentacoes.com.br,ns924.hostgator.com.br,ns925.hostgator.com.br,mail.clovisrepresentacoes.com.br (Priority: 0),No MX Records,162.241.2.121,"Various Registries (Maintained by ARIN) (VR-ARIN), Unified Layer (BLUEH-2)","nobody@example.com, abuse@bluehost.com",True,Online,Hostgator,contact-form-7,wordpress-plugins,
clovisrepresentacoes.com.br,ns924.hostgator.com.br,ns925.hostgator.com.br,mail.clovisrepresentacoes.com.br (Priority: 0),No MX Records,162.241.2.121,"Various Registries (Maintained by ARIN) (VR-ARIN), Unified Layer (BLUEH-2)","nobody@example.com, abuse@bluehost.com",True,Online,Hostgator,apache-http-server,web-servers,
clovisrepresentacoes.com.br,ns924.hostgator.com.br,ns925.hostgator.com.br,mail.clovisrepresentacoes.com.br (Priority: 0),No MX Records,162.241.2.121,"Various Registries (Maintained by ARIN) (VR-ARIN), Unified Layer (BLUEH-2)","nobody@example.com, abuse@bluehost.com",True,Online,Hostgator,recaptcha,security,
clovisrepresentacoes.com.br,ns924.hostgator.com.br,ns925.hostgator.com.br,mail.clovisrepresentacoes.com.br (Priority: 0),No MX Records,162.241.2.121,"Various Registries (Maintained by ARIN) (VR-ARIN), Unified Layer (BLUEH-2)","nobody@example.com, abuse@bluehost.com",True,Online,Hostgator,hostgator,hosting,
rmribeiro.com.br,ns916.hostgator.com.br,ns917.hostgator.com.br,mx1.titan.email (Priority: 10),mx2.titan.email (Priority: 20),162.241.2.88,"Various Registries (Maintained by ARIN) (VR-ARIN), Unified Layer (BLUEH-2)","nobody@example.com, abuse@bluehost.com",True,Online,Hostgator,wordpress,cms,
rmribeiro.com.br,ns916.hostgator.com.br,ns917.hostgator.com.br,mx1.titan.email (Priority: 10),mx2.titan.email (Priority: 20),162.241.2.88,"Various Registries (Maintained by ARIN) (VR-ARIN), Unified Layer (BLUEH-2)","nobody@example.com, abuse@bluehost.com",True,Online,Hostgator,mysql,databases,
rmribeiro.com.br,ns916.hostgator.com.br,ns917.hostgator.com.br,mx1.titan.email (Priority: 10),mx2.titan.email (Priority: 20),162.241.2.88,"Various Registries (Maintained by ARIN) (VR-ARIN), Unified Layer (BLUEH-2)","nobody@example.com, abuse@bluehost.com",True,Online,Hostgator,php,programming-languages,
rmribeiro.com.br,ns916.hostgator.com.br,ns917.hostgator.com.br,mx1.titan.email (Priority: 10),mx2.titan.email (Priority: 20),162.241.2.88,"Various Registries (Maintained by ARIN) (VR-ARIN), Unified Layer (BLUEH-2)","nobody@example.com, abuse@bluehost.com",True,Online,Hostgator,elementor,page-builders,
rmribeiro.com.br,ns916.hostgator.com.br,ns917.hostgator.com.br,mx1.titan.email (Priority: 10),mx2.titan.email (Priority: 20),162.241.2.88,"Various Registries (Maintained by ARIN) (VR-ARIN), Unified Layer (BLUEH-2)","nobody@example.com, abuse@bluehost.com",True,Online,Hostgator,apache-http-server,web-servers,
rmribeiro.com.br,ns916.hostgator.com.br,ns917.hostgator.com.br,mx1.titan.email (Priority: 10),mx2.titan.email (Priority: 20),162.241.2.88,"Various Registries (Maintained by ARIN) (VR-ARIN), Unified Layer (BLUEH-2)","nobody@example.com, abuse@bluehost.com",True,Online,Hostgator,hostgator,hosting,
cristianoalbano.com.br,ns895.hostgator.com.br,ns894.hostgator.com.br,mx2.titan.email (Priority: 20),mx1.titan.email (Priority: 10),162.241.2.19,"Various Registries (Maintained by ARIN) (VR-ARIN), Unified Layer (BLUEH-2)","nobody@example.com, abuse@bluehost.com",True,Online,Hostgator,websitebuilder,page-builders,
cristianoalbano.com.br,ns895.hostgator.com.br,ns894.hostgator.com.br,mx2.titan.email (Priority: 20),mx1.titan.email (Priority: 10),162.241.2.19,"Various Registries (Maintained by ARIN) (VR-ARIN), Unified Layer (BLUEH-2)","nobody@example.com, abuse@bluehost.com",True,Online,Hostgator,apache-http-server,web-servers,
cristianoalbano.com.br,ns895.hostgator.com.br,ns894.hostgator.com.br,mx2.titan.email (Priority: 20),mx1.titan.email (Priority: 10),162.241.2.19,"Various Registries (Maintained by ARIN) (VR-ARIN), Unified Layer (BLUEH-2)","nobody@example.com, abuse@bluehost.com",True,Online,Hostgator,recaptcha,security,
cristianoalbano.com.br,ns895.hostgator.com.br,ns894.hostgator.com.br,mx2.titan.email (Priority: 20),mx1.titan.email (Priority: 10),162.241.2.19,"Various Registries (Maintained by ARIN) (VR-ARIN), Unified Layer (BLUEH-2)","nobody@example.com, abuse@bluehost.com",True,Online,Hostgator,hostgator,hosting,
mercadopina.com.br,alexia.ns.cloudflare.com,coen.ns.cloudflare.com,No MX Records,No MX Records,"172.67.153.145, 104.21.80.205","Various Registries (Maintained by ARIN) (VR-ARIN), Cloudflare, Inc. (CLOUD14)","abuse@cloudflare.com, nobody@example.com",True,Online,CloudFlare,node-js,programming-languages,
mercadopina.com.br,alexia.ns.cloudflare.com,coen.ns.cloudflare.com,No MX Records,No MX Records,"172.67.153.145, 104.21.80.205","Various Registries (Maintained by ARIN) (VR-ARIN), Cloudflare, Inc. (CLOUD14)","abuse@cloudflare.com, nobody@example.com",True,Online,CloudFlare,react,javascript-frameworks,
mercadopina.com.br,alexia.ns.cloudflare.com,coen.ns.cloudflare.com,No MX Records,No MX Records,"172.67.153.145, 104.21.80.205","Various Registries (Maintained by ARIN) (VR-ARIN), Cloudflare, Inc. (CLOUD14)","abuse@cloudflare.com, nobody@example.com",True,Online,CloudFlare,emotion,javascript-frameworks,
mercadopina.com.br,alexia.ns.cloudflare.com,coen.ns.cloudflare.com,No MX Records,No MX Records,"172.67.153.145, 104.21.80.205","Various Registries (Maintained by ARIN) (VR-ARIN), Cloudflare, Inc. (CLOUD14)","abuse@cloudflare.com, nobody@example.com",True,Online,CloudFlare,express,web-frameworks,
mercadopina.com.br,alexia.ns.cloudflare.com,coen.ns.cloudflare.com,No MX Records,No MX Records,"172.67.153.145, 104.21.80.205","Various Registries (Maintained by ARIN) (VR-ARIN), Cloudflare, Inc. (CLOUD14)","abuse@cloudflare.com, nobody@example.com",True,Online,CloudFlare,google-analytics,analytics,
mercadopina.com.br,alexia.ns.cloudflare.com,coen.ns.cloudflare.com,No MX Records,No MX Records,"172.67.153.145, 104.21.80.205","Various Registries (Maintained by ARIN) (VR-ARIN), Cloudflare, Inc. (CLOUD14)","abuse@cloudflare.com, nobody@example.com",True,Online,CloudFlare,whatsapp-business-chat,live-chat,
mercadopina.com.br,alexia.ns.cloudflare.com,coen.ns.cloudflare.com,No MX Records,No MX Records,"172.67.153.145, 104.21.80.205","Various Registries (Maintained by ARIN) (VR-ARIN), Cloudflare, Inc. (CLOUD14)","abuse@cloudflare.com, nobody@example.com",True,Online,CloudFlare,cloudflare,cdn,
nordesterepresentacoes.com.br,ns1035.hostgator.com.br,ns1034.hostgator.com.br,mail.nordesterepresentacoes.com.br (Priority: 0),No MX Records,162.241.203.236,"Various Registries (Maintained by ARIN) (VR-ARIN), Unified Layer (BLUEH-2)","nobody@example.com, abuse@bluehost.com",True,Online,Hostgator,bootstrap,ui-frameworks,
nordesterepresentacoes.com.br,ns1035.hostgator.com.br,ns1034.hostgator.com.br,mail.nordesterepresentacoes.com.br (Priority: 0),No MX Records,162.241.203.236,"Various Registries (Maintained by ARIN) (VR-ARIN), Unified Layer (BLUEH-2)","nobody@example.com, abuse@bluehost.com",True,Online,Hostgator,apache-http-server,web-servers,
nordesterepresentacoes.com.br,ns1035.hostgator.com.br,ns1034.hostgator.com.br,mail.nordesterepresentacoes.com.br (Priority: 0),No MX Records,162.241.203.236,"Various Registries (Maintained by ARIN) (VR-ARIN), Unified Layer (BLUEH-2)","nobody@example.com, abuse@bluehost.com",True,Online,Hostgator,hostgator,hosting,
samyrribeiro.com.br,ns55.prodns.com.br,ns54.prodns.com.br,mail.samyrribeiro.com.br (Priority: 0),No MX Records,192.185.216.181,"Various Registries (Maintained by ARIN) (VR-ARIN), WEBSITEWELCOME.COM (BO)","abuse@hostgator.com, nobody@example.com",True,Online,Hostgator,wordpress,cms,
samyrribeiro.com.br,ns55.prodns.com.br,ns54.prodns.com.br,mail.samyrribeiro.com.br (Priority: 0),No MX Records,192.185.216.181,"Various Registries (Maintained by ARIN) (VR-ARIN), WEBSITEWELCOME.COM (BO)","abuse@hostgator.com, nobody@example.com",True,Online,Hostgator,mysql,databases,
samyrribeiro.com.br,ns55.prodns.com.br,ns54.prodns.com.br,mail.samyrribeiro.com.br (Priority: 0),No MX Records,192.185.216.181,"Various Registries (Maintained by ARIN) (VR-ARIN), WEBSITEWELCOME.COM (BO)","abuse@hostgator.com, nobody@example.com",True,Online,Hostgator,php,programming-languages,
samyrribeiro.com.br,ns55.prodns.com.br,ns54.prodns.com.br,mail.samyrribeiro.com.br (Priority: 0),No MX Records,192.185.216.181,"Various Registries (Maintained by ARIN) (VR-ARIN), WEBSITEWELCOME.COM (BO)","abuse@hostgator.com, nobody@example.com",True,Online,Hostgator,popularfx,wordpress-themes,
samyrribeiro.com.br,ns55.prodns.com.br,ns54.prodns.com.br,mail.samyrribeiro.com.br (Priority: 0),No MX Records,192.185.216.181,"Various Registries (Maintained by ARIN) (VR-ARIN), WEBSITEWELCOME.COM (BO)","abuse@hostgator.com, nobody@example.com",True,Online,Hostgator,youtube,video-players,
samyrribeiro.com.br,ns55.prodns.com.br,ns54.prodns.com.br,mail.samyrribeiro.com.br (Priority: 0),No MX Records,192.185.216.181,"Various Registries (Maintained by ARIN) (VR-ARIN), WEBSITEWELCOME.COM (BO)","abuse@hostgator.com, nobody@example.com",True,Online,Hostgator,apache-http-server,web-servers,
samyrribeiro.com.br,ns55.prodns.com.br,ns54.prodns.com.br,mail.samyrribeiro.com.br (Priority: 0),No MX Records,192.185.216.181,"Various Registries (Maintained by ARIN) (VR-ARIN), WEBSITEWELCOME.COM (BO)","abuse@hostgator.com, nobody@example.com",True,Online,Hostgator,whatsapp-business-chat,live-chat,
samyrribeiro.com.br,ns55.prodns.com.br,ns54.prodns.com.br,mail.samyrribeiro.com.br (Priority: 0),No MX Records,192.185.216.181,"Various Registries (Maintained by ARIN) (VR-ARIN), WEBSITEWELCOME.COM (BO)","abuse@hostgator.com, nobody@example.com",True,Online,Hostgator,recaptcha,security,
legitimobar.com.br,ns54.hostgator.com.br,ns55.hostgator.com.br,legitimobar.com.br (Priority: 0),No MX Records,192.185.213.148,"Various Registries (Maintained by ARIN) (VR-ARIN), WEBSITEWELCOME.COM (BO)","abuse@hostgator.com, nobody@example.com",True,Online,Hostgator,nicepage,page-builders,
legitimobar.com.br,ns54.hostgator.com.br,ns55.hostgator.com.br,legitimobar.com.br (Priority: 0),No MX Records,192.185.213.148,"Various Registries (Maintained by ARIN) (VR-ARIN), WEBSITEWELCOME.COM (BO)","abuse@hostgator.com, nobody@example.com",True,Online,Hostgator,apache-http-server,web-servers,
legitimobar.com.br,ns54.hostgator.com.br,ns55.hostgator.com.br,legitimobar.com.br (Priority: 0),No MX Records,192.185.213.148,"Various Registries (Maintained by ARIN) (VR-ARIN), WEBSITEWELCOME.COM (BO)","abuse@hostgator.com, nobody@example.com",True,Online,Hostgator,whatsapp-business-chat,live-chat,
legitimobar.com.br,ns54.hostgator.com.br,ns55.hostgator.com.br,legitimobar.com.br (Priority: 0),No MX Records,192.185.213.148,"Various Registries (Maintained by ARIN) (VR-ARIN), WEBSITEWELCOME.COM (BO)","abuse@hostgator.com, nobody@example.com",True,Online,Hostgator,hostgator,hosting,
duct.ind.br,ns28.hostgator.com.br,ns29.hostgator.com.br,mail.duct.ind.br (Priority: 0),No MX Records,192.185.211.71,"Various Registries (Maintained by ARIN) (VR-ARIN), WEBSITEWELCOME.COM (BO)","abuse@hostgator.com, nobody@example.com",True,Online,Hostgator,php,programming-languages,
duct.ind.br,ns28.hostgator.com.br,ns29.hostgator.com.br,mail.duct.ind.br (Priority: 0),No MX Records,192.185.211.71,"Various Registries (Maintained by ARIN) (VR-ARIN), WEBSITEWELCOME.COM (BO)","abuse@hostgator.com, nobody@example.com",True,Online,Hostgator,zurb-foundation,ui-frameworks,
duct.ind.br,ns28.hostgator.com.br,ns29.hostgator.com.br,mail.duct.ind.br (Priority: 0),No MX Records,192.185.211.71,"Various Registries (Maintained by ARIN) (VR-ARIN), WEBSITEWELCOME.COM (BO)","abuse@hostgator.com, nobody@example.com",True,Online,Hostgator,apache-http-server,web-servers,
duct.ind.br,ns28.hostgator.com.br,ns29.hostgator.com.br,mail.duct.ind.br (Priority: 0),No MX Records,192.185.211.71,"Various Registries (Maintained by ARIN) (VR-ARIN), WEBSITEWELCOME.COM (BO)","abuse@hostgator.com, nobody@example.com",True,Online,Hostgator,google-ads,advertising,
duct.ind.br,ns28.hostgator.com.br,ns29.hostgator.com.br,mail.duct.ind.br (Priority: 0),No MX Records,192.185.211.71,"Various Registries (Maintained by ARIN) (VR-ARIN), WEBSITEWELCOME.COM (BO)","abuse@hostgator.com, nobody@example.com",True,Online,Hostgator,google-ads-conversion-tracking,analytics,
duct.ind.br,ns28.hostgator.com.br,ns29.hostgator.com.br,mail.duct.ind.br (Priority: 0),No MX Records,192.185.211.71,"Various Registries (Maintained by ARIN) (VR-ARIN), WEBSITEWELCOME.COM (BO)","abuse@hostgator.com, nobody@example.com",True,Online,Hostgator,google-analytics,analytics,
duct.ind.br,ns28.hostgator.com.br,ns29.hostgator.com.br,mail.duct.ind.br (Priority: 0),No MX Records,192.185.211.71,"Various Registries (Maintained by ARIN) (VR-ARIN), WEBSITEWELCOME.COM (BO)","abuse@hostgator.com, nobody@example.com",True,Online,Hostgator,whatsapp-business-chat,live-chat,
duct.ind.br,ns28.hostgator.com.br,ns29.hostgator.com.br,mail.duct.ind.br (Priority: 0),No MX Records,192.185.211.71,"Various Registries (Maintained by ARIN) (VR-ARIN), WEBSITEWELCOME.COM (BO)","abuse@hostgator.com, nobody@example.com",True,Online,Hostgator,jsdelivr,cdn,
duct.ind.br,ns28.hostgator.com.br,ns29.hostgator.com.br,mail.duct.ind.br (Priority: 0),No MX Records,192.185.211.71,"Various Registries (Maintained by ARIN) (VR-ARIN), WEBSITEWELCOME.COM (BO)","abuse@hostgator.com, nobody@example.com",True,Online,Hostgator,hsts,security,
duct.ind.br,ns28.hostgator.com.br,ns29.hostgator.com.br,mail.duct.ind.br (Priority: 0),No MX Records,192.185.211.71,"Various Registries (Maintained by ARIN) (VR-ARIN), WEBSITEWELCOME.COM (BO)","abuse@hostgator.com, nobody@example.com",True,Online,Hostgator,hostgator,hosting,
escolafluxo.com.br,ns88.hostgator.com.br,ns89.hostgator.com.br,escolafluxo.com.br (Priority: 0),alt1.aspmx.l.google.com (Priority: 5),192.185.214.100,"Various Registries (Maintained by ARIN) (VR-ARIN), WEBSITEWELCOME.COM (BO)","abuse@hostgator.com, nobody@example.com",True,Online,Hostgator,cart-functionality,ecommerce,
escolafluxo.com.br,ns88.hostgator.com.br,ns89.hostgator.com.br,escolafluxo.com.br (Priority: 0),alt1.aspmx.l.google.com (Priority: 5),192.185.214.100,"Various Registries (Maintained by ARIN) (VR-ARIN), WEBSITEWELCOME.COM (BO)","abuse@hostgator.com, nobody@example.com",True,Online,Hostgator,wordpress,cms,
escolafluxo.com.br,ns88.hostgator.com.br,ns89.hostgator.com.br,escolafluxo.com.br (Priority: 0),alt1.aspmx.l.google.com (Priority: 5),192.185.214.100,"Various Registries (Maintained by ARIN) (VR-ARIN), WEBSITEWELCOME.COM (BO)","abuse@hostgator.com, nobody@example.com",True,Online,Hostgator,mysql,databases,
escolafluxo.com.br,ns88.hostgator.com.br,ns89.hostgator.com.br,escolafluxo.com.br (Priority: 0),alt1.aspmx.l.google.com (Priority: 5),192.185.214.100,"Various Registries (Maintained by ARIN) (VR-ARIN), WEBSITEWELCOME.COM (BO)","abuse@hostgator.com, nobody@example.com",True,Online,Hostgator,php,programming-languages,
escolafluxo.com.br,ns88.hostgator.com.br,ns89.hostgator.com.br,escolafluxo.com.br (Priority: 0),alt1.aspmx.l.google.com (Priority: 5),192.185.214.100,"Various Registries (Maintained by ARIN) (VR-ARIN), WEBSITEWELCOME.COM (BO)","abuse@hostgator.com, nobody@example.com",True,Online,Hostgator,wpbakery,page-builders,
escolafluxo.com.br,ns88.hostgator.com.br,ns89.hostgator.com.br,escolafluxo.com.br (Priority: 0),alt1.aspmx.l.google.com (Priority: 5),192.185.214.100,"Various Registries (Maintained by ARIN) (VR-ARIN), WEBSITEWELCOME.COM (BO)","abuse@hostgator.com, nobody@example.com",True,Online,Hostgator,woocommerce,ecommerce,
escolafluxo.com.br,ns88.hostgator.com.br,ns89.hostgator.com.br,escolafluxo.com.br (Priority: 0),alt1.aspmx.l.google.com (Priority: 5),192.185.214.100,"Various Registries (Maintained by ARIN) (VR-ARIN), WEBSITEWELCOME.COM (BO)","abuse@hostgator.com, nobody@example.com",True,Online,Hostgator,contact-form-7,wordpress-plugins,
escolafluxo.com.br,ns88.hostgator.com.br,ns89.hostgator.com.br,escolafluxo.com.br (Priority: 0),alt1.aspmx.l.google.com (Priority: 5),192.185.214.100,"Various Registries (Maintained by ARIN) (VR-ARIN), WEBSITEWELCOME.COM (BO)","abuse@hostgator.com, nobody@example.com",True,Online,Hostgator,gsap,javascript-frameworks,
escolafluxo.com.br,ns88.hostgator.com.br,ns89.hostgator.com.br,escolafluxo.com.br (Priority: 0),alt1.aspmx.l.google.com (Priority: 5),192.185.214.100,"Various Registries (Maintained by ARIN) (VR-ARIN), WEBSITEWELCOME.COM (BO)","abuse@hostgator.com, nobody@example.com",True,Online,Hostgator,apache-http-server,web-servers,
escolafluxo.com.br,ns88.hostgator.com.br,ns89.hostgator.com.br,escolafluxo.com.br (Priority: 0),alt1.aspmx.l.google.com (Priority: 5),192.185.214.100,"Various Registries (Maintained by ARIN) (VR-ARIN), WEBSITEWELCOME.COM (BO)","abuse@hostgator.com, nobody@example.com",True,Online,Hostgator,slider-revolution,widgets,
escolafluxo.com.br,ns88.hostgator.com.br,ns89.hostgator.com.br,escolafluxo.com.br (Priority: 0),alt1.aspmx.l.google.com (Priority: 5),192.185.214.100,"Various Registries (Maintained by ARIN) (VR-ARIN), WEBSITEWELCOME.COM (BO)","abuse@hostgator.com, nobody@example.com",True,Online,Hostgator,whatsapp-business-chat,live-chat,
escolafluxo.com.br,ns88.hostgator.com.br,ns89.hostgator.com.br,escolafluxo.com.br (Priority: 0),alt1.aspmx.l.google.com (Priority: 5),192.185.214.100,"Various Registries (Maintained by ARIN) (VR-ARIN), WEBSITEWELCOME.COM (BO)","abuse@hostgator.com, nobody@example.com",True,Online,Hostgator,hostgator,hosting,
escolafluxo.com.br,ns88.hostgator.com.br,ns89.hostgator.com.br,escolafluxo.com.br (Priority: 0),alt1.aspmx.l.google.com (Priority: 5),192.185.214.100,"Various Registries (Maintained by ARIN) (VR-ARIN), WEBSITEWELCOME.COM (BO)","abuse@hostgator.com, nobody@example.com",True,Online,Hostgator,google-workspace,webmail,
duct.ind.br,ns29.hostgator.com.br,ns28.hostgator.com.br,mail.duct.ind.br (Priority: 0),No MX Records,192.185.211.71,"Various Registries (Maintained by ARIN) (VR-ARIN), WEBSITEWELCOME.COM (BO)","abuse@hostgator.com, nobody@example.com",True,Online,Hostgator,php,programming-languages,
duct.ind.br,ns29.hostgator.com.br,ns28.hostgator.com.br,mail.duct.ind.br (Priority: 0),No MX Records,192.185.211.71,"Various Registries (Maintained by ARIN) (VR-ARIN), WEBSITEWELCOME.COM (BO)","abuse@hostgator.com, nobody@example.com",True,Online,Hostgator,zurb-foundation,ui-frameworks,
duct.ind.br,ns29.hostgator.com.br,ns28.hostgator.com.br,mail.duct.ind.br (Priority: 0),No MX Records,192.185.211.71,"Various Registries (Maintained by ARIN) (VR-ARIN), WEBSITEWELCOME.COM (BO)","abuse@hostgator.com, nobody@example.com",True,Online,Hostgator,apache-http-server,web-servers,
duct.ind.br,ns29.hostgator.com.br,ns28.hostgator.com.br,mail.duct.ind.br (Priority: 0),No MX Records,192.185.211.71,"Various Registries (Maintained by ARIN) (VR-ARIN), WEBSITEWELCOME.COM (BO)","abuse@hostgator.com, nobody@example.com",True,Online,Hostgator,google-ads,advertising,
duct.ind.br,ns29.hostgator.com.br,ns28.hostgator.com.br,mail.duct.ind.br (Priority: 0),No MX Records,192.185.211.71,"Various Registries (Maintained by ARIN) (VR-ARIN), WEBSITEWELCOME.COM (BO)","abuse@hostgator.com, nobody@example.com",True,Online,Hostgator,google-ads-conversion-tracking,analytics,
duct.ind.br,ns29.hostgator.com.br,ns28.hostgator.com.br,mail.duct.ind.br (Priority: 0),No MX Records,192.185.211.71,"Various Registries (Maintained by ARIN) (VR-ARIN), WEBSITEWELCOME.COM (BO)","abuse@hostgator.com, nobody@example.com",True,Online,Hostgator,google-analytics,analytics,
duct.ind.br,ns29.hostgator.com.br,ns28.hostgator.com.br,mail.duct.ind.br (Priority: 0),No MX Records,192.185.211.71,"Various Registries (Maintained by ARIN) (VR-ARIN), WEBSITEWELCOME.COM (BO)","abuse@hostgator.com, nobody@example.com",True,Online,Hostgator,whatsapp-business-chat,live-chat,
duct.ind.br,ns29.hostgator.com.br,ns28.hostgator.com.br,mail.duct.ind.br (Priority: 0),No MX Records,192.185.211.71,"Various Registries (Maintained by ARIN) (VR-ARIN), WEBSITEWELCOME.COM (BO)","abuse@hostgator.com, nobody@example.com",True,Online,Hostgator,jsdelivr,cdn,
duct.ind.br,ns29.hostgator.com.br,ns28.hostgator.com.br,mail.duct.ind.br (Priority: 0),No MX Records,192.185.211.71,"Various Registries (Maintained by ARIN) (VR-ARIN), WEBSITEWELCOME.COM (BO)","abuse@hostgator.com, nobody@example.com",True,Online,Hostgator,hsts,security,
duct.ind.br,ns29.hostgator.com.br,ns28.hostgator.com.br,mail.duct.ind.br (Priority: 0),No MX Records,192.185.211.71,"Various Registries (Maintained by ARIN) (VR-ARIN), WEBSITEWELCOME.COM (BO)","abuse@hostgator.com, nobody@example.com",True,Online,Hostgator,hostgator,hosting,
aprendaviolaoeguitarra.com.br,dina.ns.cloudflare.com,dom.ns.cloudflare.com,mail.aprendaviolaoeguitarra.com.br (Priority: 0),No MX Records,"172.67.159.100, 104.21.74.149","Various Registries (Maintained by ARIN) (VR-ARIN), Cloudflare, Inc. (CLOUD14)","abuse@cloudflare.com, nobody@example.com",True,Online,CloudFlare,wordpress,cms,
aprendaviolaoeguitarra.com.br,dina.ns.cloudflare.com,dom.ns.cloudflare.com,mail.aprendaviolaoeguitarra.com.br (Priority: 0),No MX Records,"172.67.159.100, 104.21.74.149","Various Registries (Maintained by ARIN) (VR-ARIN), Cloudflare, Inc. (CLOUD14)","abuse@cloudflare.com, nobody@example.com",True,Online,CloudFlare,mysql,databases,
aprendaviolaoeguitarra.com.br,dina.ns.cloudflare.com,dom.ns.cloudflare.com,mail.aprendaviolaoeguitarra.com.br (Priority: 0),No MX Records,"172.67.159.100, 104.21.74.149","Various Registries (Maintained by ARIN) (VR-ARIN), Cloudflare, Inc. (CLOUD14)","abuse@cloudflare.com, nobody@example.com",True,Online,CloudFlare,php,programming-languages,
aprendaviolaoeguitarra.com.br,dina.ns.cloudflare.com,dom.ns.cloudflare.com,mail.aprendaviolaoeguitarra.com.br (Priority: 0),No MX Records,"172.67.159.100, 104.21.74.149","Various Registries (Maintained by ARIN) (VR-ARIN), Cloudflare, Inc. (CLOUD14)","abuse@cloudflare.com, nobody@example.com",True,Online,CloudFlare,profilepress,wordpress-plugins,
aprendaviolaoeguitarra.com.br,dina.ns.cloudflare.com,dom.ns.cloudflare.com,mail.aprendaviolaoeguitarra.com.br (Priority: 0),No MX Records,"172.67.159.100, 104.21.74.149","Various Registries (Maintained by ARIN) (VR-ARIN), Cloudflare, Inc. (CLOUD14)","abuse@cloudflare.com, nobody@example.com",True,Online,CloudFlare,yoast-seo,seo,
aprendaviolaoeguitarra.com.br,dina.ns.cloudflare.com,dom.ns.cloudflare.com,mail.aprendaviolaoeguitarra.com.br (Priority: 0),No MX Records,"172.67.159.100, 104.21.74.149","Various Registries (Maintained by ARIN) (VR-ARIN), Cloudflare, Inc. (CLOUD14)","abuse@cloudflare.com, nobody@example.com",True,Online,CloudFlare,disqus,comment-systems,
aprendaviolaoeguitarra.com.br,dina.ns.cloudflare.com,dom.ns.cloudflare.com,mail.aprendaviolaoeguitarra.com.br (Priority: 0),No MX Records,"172.67.159.100, 104.21.74.149","Various Registries (Maintained by ARIN) (VR-ARIN), Cloudflare, Inc. (CLOUD14)","abuse@cloudflare.com, nobody@example.com",True,Online,CloudFlare,cookieyes,cookie-compliance,
aprendaviolaoeguitarra.com.br,dina.ns.cloudflare.com,dom.ns.cloudflare.com,mail.aprendaviolaoeguitarra.com.br (Priority: 0),No MX Records,"172.67.159.100, 104.21.74.149","Various Registries (Maintained by ARIN) (VR-ARIN), Cloudflare, Inc. (CLOUD14)","abuse@cloudflare.com, nobody@example.com",True,Online,CloudFlare,cloudflare,cdn,
mxatec.com,ns1.dan.com,ns2.dan.com,No MX Records,No MX Records,3.64.163.50,"Amazon Technologies Inc. (AT-88-Z), Amazon Technologies Inc. (AT-88-Z), American Registry for Internet Numbers (ARIN), A100 ROW GmbH (RG-123)","abuse@amazonaws.com, abuse@amazonaws.com, abuse@amazonaws.com, hostmaster@arin.net",True,Online,Unknown,cart-functionality,ecommerce,
mxatec.com,ns1.dan.com,ns2.dan.com,No MX Records,No MX Records,3.64.163.50,"Amazon Technologies Inc. (AT-88-Z), Amazon Technologies Inc. (AT-88-Z), American Registry for Internet Numbers (ARIN), A100 ROW GmbH (RG-123)","abuse@amazonaws.com, abuse@amazonaws.com, abuse@amazonaws.com, hostmaster@arin.net",True,Online,Unknown,ruby,programming-languages,
mxatec.com,ns1.dan.com,ns2.dan.com,No MX Records,No MX Records,3.64.163.50,"Amazon Technologies Inc. (AT-88-Z), Amazon Technologies Inc. (AT-88-Z), American Registry for Internet Numbers (ARIN), A100 ROW GmbH (RG-123)","abuse@amazonaws.com, abuse@amazonaws.com, abuse@amazonaws.com, hostmaster@arin.net",True,Online,Unknown,vimeo,video-players,
mxatec.com,ns1.dan.com,ns2.dan.com,No MX Records,No MX Records,3.64.163.50,"Amazon Technologies Inc. (AT-88-Z), Amazon Technologies Inc. (AT-88-Z), American Registry for Internet Numbers (ARIN), A100 ROW GmbH (RG-123)","abuse@amazonaws.com, abuse@amazonaws.com, abuse@amazonaws.com, hostmaster@arin.net",True,Online,Unknown,ruby-on-rails,web-frameworks,
mxatec.com,ns1.dan.com,ns2.dan.com,No MX Records,No MX Records,3.64.163.50,"Amazon Technologies Inc. (AT-88-Z), Amazon Technologies Inc. (AT-88-Z), American Registry for Internet Numbers (ARIN), A100 ROW GmbH (RG-123)","abuse@amazonaws.com, abuse@amazonaws.com, abuse@amazonaws.com, hostmaster@arin.net",True,Online,Unknown,envoy,reverse-proxies,
mxatec.com,ns1.dan.com,ns2.dan.com,No MX Records,No MX Records,3.64.163.50,"Amazon Technologies Inc. (AT-88-Z), Amazon Technologies Inc. (AT-88-Z), American Registry for Internet Numbers (ARIN), A100 ROW GmbH (RG-123)","abuse@amazonaws.com, abuse@amazonaws.com, abuse@amazonaws.com, hostmaster@arin.net",True,Online,Unknown,react,javascript-frameworks,
mxatec.com,ns1.dan.com,ns2.dan.com,No MX Records,No MX Records,3.64.163.50,"Amazon Technologies Inc. (AT-88-Z), Amazon Technologies Inc. (AT-88-Z), American Registry for Internet Numbers (ARIN), A100 ROW GmbH (RG-123)","abuse@amazonaws.com, abuse@amazonaws.com, abuse@amazonaws.com, hostmaster@arin.net",True,Online,Unknown,akamai-bot-manager,security,
mxatec.com,ns1.dan.com,ns2.dan.com,No MX Records,No MX Records,3.64.163.50,"Amazon Technologies Inc. (AT-88-Z), Amazon Technologies Inc. (AT-88-Z), American Registry for Internet Numbers (ARIN), A100 ROW GmbH (RG-123)","abuse@amazonaws.com, abuse@amazonaws.com, abuse@amazonaws.com, hostmaster@arin.net",True,Online,Unknown,akamai-mpulse,rum,
mxatec.com,ns1.dan.com,ns2.dan.com,No MX Records,No MX Records,3.64.163.50,"Amazon Technologies Inc. (AT-88-Z), Amazon Technologies Inc. (AT-88-Z), American Registry for Internet Numbers (ARIN), A100 ROW GmbH (RG-123)","abuse@amazonaws.com, abuse@amazonaws.com, abuse@amazonaws.com, hostmaster@arin.net",True,Online,Unknown,hsts,security,
mxatec.com,ns1.dan.com,ns2.dan.com,No MX Records,No MX Records,3.64.163.50,"Amazon Technologies Inc. (AT-88-Z), Amazon Technologies Inc. (AT-88-Z), American Registry for Internet Numbers (ARIN), A100 ROW GmbH (RG-123)","abuse@amazonaws.com, abuse@amazonaws.com, abuse@amazonaws.com, hostmaster@arin.net",True,Online,Unknown,akamai,cdn,
lucianamatos.com.br,ns1030.hostgator.com.br,ns1031.hostgator.com.br,mail.lucianamatos.com.br (Priority: 0),No MX Records,162.241.203.226,"Various Registries (Maintained by ARIN) (VR-ARIN), Unified Layer (BLUEH-2)","nobody@example.com, abuse@bluehost.com",True,Online,Hostgator,moodle,lms,
lucianamatos.com.br,ns1030.hostgator.com.br,ns1031.hostgator.com.br,mail.lucianamatos.com.br (Priority: 0),No MX Records,162.241.203.226,"Various Registries (Maintained by ARIN) (VR-ARIN), Unified Layer (BLUEH-2)","nobody@example.com, abuse@bluehost.com",True,Online,Hostgator,wordpress,cms,
lucianamatos.com.br,ns1030.hostgator.com.br,ns1031.hostgator.com.br,mail.lucianamatos.com.br (Priority: 0),No MX Records,162.241.203.226,"Various Registries (Maintained by ARIN) (VR-ARIN), Unified Layer (BLUEH-2)","nobody@example.com, abuse@bluehost.com",True,Online,Hostgator,mysql,databases,
lucianamatos.com.br,ns1030.hostgator.com.br,ns1031.hostgator.com.br,mail.lucianamatos.com.br (Priority: 0),No MX Records,162.241.203.226,"Various Registries (Maintained by ARIN) (VR-ARIN), Unified Layer (BLUEH-2)","nobody@example.com, abuse@bluehost.com",True,Online,Hostgator,php,programming-languages,
lucianamatos.com.br,ns1030.hostgator.com.br,ns1031.hostgator.com.br,mail.lucianamatos.com.br (Priority: 0),No MX Records,162.241.203.226,"Various Registries (Maintained by ARIN) (VR-ARIN), Unified Layer (BLUEH-2)","nobody@example.com, abuse@bluehost.com",True,Online,Hostgator,bootstrap,ui-frameworks,
lucianamatos.com.br,ns1030.hostgator.com.br,ns1031.hostgator.com.br,mail.lucianamatos.com.br (Priority: 0),No MX Records,162.241.203.226,"Various Registries (Maintained by ARIN) (VR-ARIN), Unified Layer (BLUEH-2)","nobody@example.com, abuse@bluehost.com",True,Online,Hostgator,neve,wordpress-themes,
lucianamatos.com.br,ns1030.hostgator.com.br,ns1031.hostgator.com.br,mail.lucianamatos.com.br (Priority: 0),No MX Records,162.241.203.226,"Various Registries (Maintained by ARIN) (VR-ARIN), Unified Layer (BLUEH-2)","nobody@example.com, abuse@bluehost.com",True,Online,Hostgator,requirejs,javascript-frameworks,
lucianamatos.com.br,ns1030.hostgator.com.br,ns1031.hostgator.com.br,mail.lucianamatos.com.br (Priority: 0),No MX Records,162.241.203.226,"Various Registries (Maintained by ARIN) (VR-ARIN), Unified Layer (BLUEH-2)","nobody@example.com, abuse@bluehost.com",True,Online,Hostgator,elementor,page-builders,
lucianamatos.com.br,ns1030.hostgator.com.br,ns1031.hostgator.com.br,mail.lucianamatos.com.br (Priority: 0),No MX Records,162.241.203.226,"Various Registries (Maintained by ARIN) (VR-ARIN), Unified Layer (BLUEH-2)","nobody@example.com, abuse@bluehost.com",True,Online,Hostgator,apache-http-server,web-servers,
lucianamatos.com.br,ns1030.hostgator.com.br,ns1031.hostgator.com.br,mail.lucianamatos.com.br (Priority: 0),No MX Records,162.241.203.226,"Various Registries (Maintained by ARIN) (VR-ARIN), Unified Layer (BLUEH-2)","nobody@example.com, abuse@bluehost.com",True,Online,Hostgator,orbitfox,wordpress-plugins,
lucianamatos.com.br,ns1030.hostgator.com.br,ns1031.hostgator.com.br,mail.lucianamatos.com.br (Priority: 0),No MX Records,162.241.203.226,"Various Registries (Maintained by ARIN) (VR-ARIN), Unified Layer (BLUEH-2)","nobody@example.com, abuse@bluehost.com",True,Online,Hostgator,hostgator,hosting,
rdaudiovisual.com.br,ns975.hostgator.com.br,ns974.hostgator.com.br,mail.rdaudiovisual.com.br (Priority: 0),No MX Records,162.241.3.15,"Various Registries (Maintained by ARIN) (VR-ARIN), Unified Layer (BLUEH-2)","nobody@example.com, abuse@bluehost.com",True,Online,Hostgator,wordpress,cms,
rdaudiovisual.com.br,ns975.hostgator.com.br,ns974.hostgator.com.br,mail.rdaudiovisual.com.br (Priority: 0),No MX Records,162.241.3.15,"Various Registries (Maintained by ARIN) (VR-ARIN), Unified Layer (BLUEH-2)","nobody@example.com, abuse@bluehost.com",True,Online,Hostgator,mysql,databases,
rdaudiovisual.com.br,ns975.hostgator.com.br,ns974.hostgator.com.br,mail.rdaudiovisual.com.br (Priority: 0),No MX Records,162.241.3.15,"Various Registries (Maintained by ARIN) (VR-ARIN), Unified Layer (BLUEH-2)","nobody@example.com, abuse@bluehost.com",True,Online,Hostgator,php,programming-languages,
rdaudiovisual.com.br,ns975.hostgator.com.br,ns974.hostgator.com.br,mail.rdaudiovisual.com.br (Priority: 0),No MX Records,162.241.3.15,"Various Registries (Maintained by ARIN) (VR-ARIN), Unified Layer (BLUEH-2)","nobody@example.com, abuse@bluehost.com",True,Online,Hostgator,hello-elementor,wordpress-themes,
rdaudiovisual.com.br,ns975.hostgator.com.br,ns974.hostgator.com.br,mail.rdaudiovisual.com.br (Priority: 0),No MX Records,162.241.3.15,"Various Registries (Maintained by ARIN) (VR-ARIN), Unified Layer (BLUEH-2)","nobody@example.com, abuse@bluehost.com",True,Online,Hostgator,elementor,page-builders,
rdaudiovisual.com.br,ns975.hostgator.com.br,ns974.hostgator.com.br,mail.rdaudiovisual.com.br (Priority: 0),No MX Records,162.241.3.15,"Various Registries (Maintained by ARIN) (VR-ARIN), Unified Layer (BLUEH-2)","nobody@example.com, abuse@bluehost.com",True,Online,Hostgator,apache-http-server,web-servers,
rdaudiovisual.com.br,ns975.hostgator.com.br,ns974.hostgator.com.br,mail.rdaudiovisual.com.br (Priority: 0),No MX Records,162.241.3.15,"Various Registries (Maintained by ARIN) (VR-ARIN), Unified Layer (BLUEH-2)","nobody@example.com, abuse@bluehost.com",True,Online,Hostgator,site-kit,analytics,
rdaudiovisual.com.br,ns975.hostgator.com.br,ns974.hostgator.com.br,mail.rdaudiovisual.com.br (Priority: 0),No MX Records,162.241.3.15,"Various Registries (Maintained by ARIN) (VR-ARIN), Unified Layer (BLUEH-2)","nobody@example.com, abuse@bluehost.com",True,Online,Hostgator,whatsapp-business-chat,live-chat,
rdaudiovisual.com.br,ns975.hostgator.com.br,ns974.hostgator.com.br,mail.rdaudiovisual.com.br (Priority: 0),No MX Records,162.241.3.15,"Various Registries (Maintained by ARIN) (VR-ARIN), Unified Layer (BLUEH-2)","nobody@example.com, abuse@bluehost.com",True,Online,Hostgator,hostgator,hosting,
reivie.com,ns1626.ztomy.com,ns2626.ztomy.com,No MX Records,No MX Records,204.11.56.48,"American Registry for Internet Numbers (ARIN), Confluence Networks Inc (CN)","abuse@confluence-networks.com, hostmaster@arin.net",False,Offline,Unknown,,,
noubai.com,No NS Records,No NS Records,No MX Records,No MX Records,66.81.203.196,"American Registry for Internet Numbers (ARIN), Confluence Networks Inc (CN)","abuse@confluence-networks.com, hostmaster@arin.net",False,Offline,Unknown,,,
importsvirtual.com.br,dns1.hostgator.com.br,dns2.hostgator.com.br,importsvirtual.com.br (Priority: 0),No MX Records,192.185.131.238,"Various Registries (Maintained by ARIN) (VR-ARIN), WEBSITEWELCOME.COM (BO)","abuse@hostgator.com, nobody@example.com",False,Offline,Hostgator,,,
universodasreceitas.com.br,dns2.hostgator.com.br,dns1.hostgator.com.br,universodasreceitas.com.br (Priority: 0),No MX Records,192.185.131.237,"Various Registries (Maintained by ARIN) (VR-ARIN), WEBSITEWELCOME.COM (BO)","abuse@hostgator.com, nobody@example.com",False,Offline,Hostgator,,,